"","Nimba","RiverCess","RiverGee","Sinoe","Bomi","Bong","Gbarpolu","GrandCapeMount","GrandBassa","GrandGedeh","GrandKru","Lofa","Margibi","Maryland","Montserrado","Boffa","Boke","Fria","Conakry","Dabola","Dinguiraye","Faranah","Kissidougou","Kankan","Kerouane","Kouroussa","Siguiri","Coyah","Dubreka","Forecariah","Kindia","Telimele","Mali","Tougue","Dalaba","Pita","Beyla","Gueckedou","Lola","Macenta","Nzerekore","Yamou","Kailahun","Kenema","Kono","Bombali","Kambia","Koinadugu","PortLoko","Tonkolili","Bo","Bonthe","Moyamba","Pujehun","WesternRural","WesternUrban"
"Nimba",0,0.744851115251,0.744851115251,0.744851115251,0.744851115251,0.744851115251,0.744851115251,0.744851115251,0.744851115251,0.744851115251,0.744851115251,0.744851115251,0.744851115251,0.744851115251,0.744851115251,0.744851115251,0.744851115251,0.744851115251,0.744851115251,0.744851115251,0.744851115251,0.744851115251,0.744851115251,0.744851115251,0.744851115251,0.744851115251,0.744851115251,0.744851115251,0.744851115251,0.744851115251,0.744851115251,0.744851115251,0.744851115251,0.744851115251,0.744851115251,0.744851115251,0.744851115251,0.744851115251,0.744851115251,0.744851115251,0.744851115251,0.744851115251,0.744851115251,0.744851115251,0.744851115251,0.744851115251,0.744851115251,0.744851115251,0.744851115251,0.744851115251,0.744851115251,0.744851115251,0.744851115251,0.744851115251,0.744851115251,0.744851115251
"RiverCess",0.605482898714,0,0.605482898714,0.605482898714,0.605482898714,0.605482898714,0.605482898714,0.605482898714,0.605482898714,0.605482898714,0.605482898714,0.605482898714,0.605482898714,0.605482898714,0.605482898714,0.605482898714,0.605482898714,0.605482898714,0.605482898714,0.605482898714,0.605482898714,0.605482898714,0.605482898714,0.605482898714,0.605482898714,0.605482898714,0.605482898714,0.605482898714,0.605482898714,0.605482898714,0.605482898714,0.605482898714,0.605482898714,0.605482898714,0.605482898714,0.605482898714,0.605482898714,0.605482898714,0.605482898714,0.605482898714,0.605482898714,0.605482898714,0.605482898714,0.605482898714,0.605482898714,0.605482898714,0.605482898714,0.605482898714,0.605482898714,0.605482898714,0.605482898714,0.605482898714,0.605482898714,0.605482898714,0.605482898714,0.605482898714
"RiverGee",1.33759862646,1.33759862646,0,1.33759862646,1.33759862646,1.33759862646,1.33759862646,1.33759862646,1.33759862646,1.33759862646,1.33759862646,1.33759862646,1.33759862646,1.33759862646,1.33759862646,1.33759862646,1.33759862646,1.33759862646,1.33759862646,1.33759862646,1.33759862646,1.33759862646,1.33759862646,1.33759862646,1.33759862646,1.33759862646,1.33759862646,1.33759862646,1.33759862646,1.33759862646,1.33759862646,1.33759862646,1.33759862646,1.33759862646,1.33759862646,1.33759862646,1.33759862646,1.33759862646,1.33759862646,1.33759862646,1.33759862646,1.33759862646,1.33759862646,1.33759862646,1.33759862646,1.33759862646,1.33759862646,1.33759862646,1.33759862646,1.33759862646,1.33759862646,1.33759862646,1.33759862646,1.33759862646,1.33759862646,1.33759862646
"Sinoe",2.01045073094,2.01045073094,2.01045073094,0,2.01045073094,2.01045073094,2.01045073094,2.01045073094,2.01045073094,2.01045073094,2.01045073094,2.01045073094,2.01045073094,2.01045073094,2.01045073094,2.01045073094,2.01045073094,2.01045073094,2.01045073094,2.01045073094,2.01045073094,2.01045073094,2.01045073094,2.01045073094,2.01045073094,2.01045073094,2.01045073094,2.01045073094,2.01045073094,2.01045073094,2.01045073094,2.01045073094,2.01045073094,2.01045073094,2.01045073094,2.01045073094,2.01045073094,2.01045073094,2.01045073094,2.01045073094,2.01045073094,2.01045073094,2.01045073094,2.01045073094,2.01045073094,2.01045073094,2.01045073094,2.01045073094,2.01045073094,2.01045073094,2.01045073094,2.01045073094,2.01045073094,2.01045073094,2.01045073094,2.01045073094
"Bomi",-1.1260462681,-1.1260462681,-1.1260462681,-1.1260462681,0,-1.1260462681,-1.1260462681,-1.1260462681,-1.1260462681,-1.1260462681,-1.1260462681,-1.1260462681,-1.1260462681,-1.1260462681,-1.1260462681,-1.1260462681,-1.1260462681,-1.1260462681,-1.1260462681,-1.1260462681,-1.1260462681,-1.1260462681,-1.1260462681,-1.1260462681,-1.1260462681,-1.1260462681,-1.1260462681,-1.1260462681,-1.1260462681,-1.1260462681,-1.1260462681,-1.1260462681,-1.1260462681,-1.1260462681,-1.1260462681,-1.1260462681,-1.1260462681,-1.1260462681,-1.1260462681,-1.1260462681,-1.1260462681,-1.1260462681,-1.1260462681,-1.1260462681,-1.1260462681,-1.1260462681,-1.1260462681,-1.1260462681,-1.1260462681,-1.1260462681,-1.1260462681,-1.1260462681,-1.1260462681,-1.1260462681,-1.1260462681,-1.1260462681
"Bong",0.0509909087495,0.0509909087495,0.0509909087495,0.0509909087495,0.0509909087495,0,0.0509909087495,0.0509909087495,0.0509909087495,0.0509909087495,0.0509909087495,0.0509909087495,0.0509909087495,0.0509909087495,0.0509909087495,0.0509909087495,0.0509909087495,0.0509909087495,0.0509909087495,0.0509909087495,0.0509909087495,0.0509909087495,0.0509909087495,0.0509909087495,0.0509909087495,0.0509909087495,0.0509909087495,0.0509909087495,0.0509909087495,0.0509909087495,0.0509909087495,0.0509909087495,0.0509909087495,0.0509909087495,0.0509909087495,0.0509909087495,0.0509909087495,0.0509909087495,0.0509909087495,0.0509909087495,0.0509909087495,0.0509909087495,0.0509909087495,0.0509909087495,0.0509909087495,0.0509909087495,0.0509909087495,0.0509909087495,0.0509909087495,0.0509909087495,0.0509909087495,0.0509909087495,0.0509909087495,0.0509909087495,0.0509909087495,0.0509909087495
"Gbarpolu",0.92099071085,0.92099071085,0.92099071085,0.92099071085,0.92099071085,0.92099071085,0,0.92099071085,0.92099071085,0.92099071085,0.92099071085,0.92099071085,0.92099071085,0.92099071085,0.92099071085,0.92099071085,0.92099071085,0.92099071085,0.92099071085,0.92099071085,0.92099071085,0.92099071085,0.92099071085,0.92099071085,0.92099071085,0.92099071085,0.92099071085,0.92099071085,0.92099071085,0.92099071085,0.92099071085,0.92099071085,0.92099071085,0.92099071085,0.92099071085,0.92099071085,0.92099071085,0.92099071085,0.92099071085,0.92099071085,0.92099071085,0.92099071085,0.92099071085,0.92099071085,0.92099071085,0.92099071085,0.92099071085,0.92099071085,0.92099071085,0.92099071085,0.92099071085,0.92099071085,0.92099071085,0.92099071085,0.92099071085,0.92099071085
"GrandCapeMount",0.186185197962,0.186185197962,0.186185197962,0.186185197962,0.186185197962,0.186185197962,0.186185197962,0,0.186185197962,0.186185197962,0.186185197962,0.186185197962,0.186185197962,0.186185197962,0.186185197962,0.186185197962,0.186185197962,0.186185197962,0.186185197962,0.186185197962,0.186185197962,0.186185197962,0.186185197962,0.186185197962,0.186185197962,0.186185197962,0.186185197962,0.186185197962,0.186185197962,0.186185197962,0.186185197962,0.186185197962,0.186185197962,0.186185197962,0.186185197962,0.186185197962,0.186185197962,0.186185197962,0.186185197962,0.186185197962,0.186185197962,0.186185197962,0.186185197962,0.186185197962,0.186185197962,0.186185197962,0.186185197962,0.186185197962,0.186185197962,0.186185197962,0.186185197962,0.186185197962,0.186185197962,0.186185197962,0.186185197962,0.186185197962
"GrandBassa",-0.411832083106,-0.411832083106,-0.411832083106,-0.411832083106,-0.411832083106,-0.411832083106,-0.411832083106,-0.411832083106,0,-0.411832083106,-0.411832083106,-0.411832083106,-0.411832083106,-0.411832083106,-0.411832083106,-0.411832083106,-0.411832083106,-0.411832083106,-0.411832083106,-0.411832083106,-0.411832083106,-0.411832083106,-0.411832083106,-0.411832083106,-0.411832083106,-0.411832083106,-0.411832083106,-0.411832083106,-0.411832083106,-0.411832083106,-0.411832083106,-0.411832083106,-0.411832083106,-0.411832083106,-0.411832083106,-0.411832083106,-0.411832083106,-0.411832083106,-0.411832083106,-0.411832083106,-0.411832083106,-0.411832083106,-0.411832083106,-0.411832083106,-0.411832083106,-0.411832083106,-0.411832083106,-0.411832083106,-0.411832083106,-0.411832083106,-0.411832083106,-0.411832083106,-0.411832083106,-0.411832083106,-0.411832083106,-0.411832083106
"GrandGedeh",1.94338584971,1.94338584971,1.94338584971,1.94338584971,1.94338584971,1.94338584971,1.94338584971,1.94338584971,1.94338584971,0,1.94338584971,1.94338584971,1.94338584971,1.94338584971,1.94338584971,1.94338584971,1.94338584971,1.94338584971,1.94338584971,1.94338584971,1.94338584971,1.94338584971,1.94338584971,1.94338584971,1.94338584971,1.94338584971,1.94338584971,1.94338584971,1.94338584971,1.94338584971,1.94338584971,1.94338584971,1.94338584971,1.94338584971,1.94338584971,1.94338584971,1.94338584971,1.94338584971,1.94338584971,1.94338584971,1.94338584971,1.94338584971,1.94338584971,1.94338584971,1.94338584971,1.94338584971,1.94338584971,1.94338584971,1.94338584971,1.94338584971,1.94338584971,1.94338584971,1.94338584971,1.94338584971,1.94338584971,1.94338584971
"GrandKru",0.949819345886,0.949819345886,0.949819345886,0.949819345886,0.949819345886,0.949819345886,0.949819345886,0.949819345886,0.949819345886,0.949819345886,0,0.949819345886,0.949819345886,0.949819345886,0.949819345886,0.949819345886,0.949819345886,0.949819345886,0.949819345886,0.949819345886,0.949819345886,0.949819345886,0.949819345886,0.949819345886,0.949819345886,0.949819345886,0.949819345886,0.949819345886,0.949819345886,0.949819345886,0.949819345886,0.949819345886,0.949819345886,0.949819345886,0.949819345886,0.949819345886,0.949819345886,0.949819345886,0.949819345886,0.949819345886,0.949819345886,0.949819345886,0.949819345886,0.949819345886,0.949819345886,0.949819345886,0.949819345886,0.949819345886,0.949819345886,0.949819345886,0.949819345886,0.949819345886,0.949819345886,0.949819345886,0.949819345886,0.949819345886
"Lofa",0.741633569176,0.741633569176,0.741633569176,0.741633569176,0.741633569176,0.741633569176,0.741633569176,0.741633569176,0.741633569176,0.741633569176,0.741633569176,0,0.741633569176,0.741633569176,0.741633569176,0.741633569176,0.741633569176,0.741633569176,0.741633569176,0.741633569176,0.741633569176,0.741633569176,0.741633569176,0.741633569176,0.741633569176,0.741633569176,0.741633569176,0.741633569176,0.741633569176,0.741633569176,0.741633569176,0.741633569176,0.741633569176,0.741633569176,0.741633569176,0.741633569176,0.741633569176,0.741633569176,0.741633569176,0.741633569176,0.741633569176,0.741633569176,0.741633569176,0.741633569176,0.741633569176,0.741633569176,0.741633569176,0.741633569176,0.741633569176,0.741633569176,0.741633569176,0.741633569176,0.741633569176,0.741633569176,0.741633569176,0.741633569176
"Margibi",-0.889753385201,-0.889753385201,-0.889753385201,-0.889753385201,-0.889753385201,-0.889753385201,-0.889753385201,-0.889753385201,-0.889753385201,-0.889753385201,-0.889753385201,-0.889753385201,0,-0.889753385201,-0.889753385201,-0.889753385201,-0.889753385201,-0.889753385201,-0.889753385201,-0.889753385201,-0.889753385201,-0.889753385201,-0.889753385201,-0.889753385201,-0.889753385201,-0.889753385201,-0.889753385201,-0.889753385201,-0.889753385201,-0.889753385201,-0.889753385201,-0.889753385201,-0.889753385201,-0.889753385201,-0.889753385201,-0.889753385201,-0.889753385201,-0.889753385201,-0.889753385201,-0.889753385201,-0.889753385201,-0.889753385201,-0.889753385201,-0.889753385201,-0.889753385201,-0.889753385201,-0.889753385201,-0.889753385201,-0.889753385201,-0.889753385201,-0.889753385201,-0.889753385201,-0.889753385201,-0.889753385201,-0.889753385201,-0.889753385201
"Maryland",0.567123127874,0.567123127874,0.567123127874,0.567123127874,0.567123127874,0.567123127874,0.567123127874,0.567123127874,0.567123127874,0.567123127874,0.567123127874,0.567123127874,0.567123127874,0,0.567123127874,0.567123127874,0.567123127874,0.567123127874,0.567123127874,0.567123127874,0.567123127874,0.567123127874,0.567123127874,0.567123127874,0.567123127874,0.567123127874,0.567123127874,0.567123127874,0.567123127874,0.567123127874,0.567123127874,0.567123127874,0.567123127874,0.567123127874,0.567123127874,0.567123127874,0.567123127874,0.567123127874,0.567123127874,0.567123127874,0.567123127874,0.567123127874,0.567123127874,0.567123127874,0.567123127874,0.567123127874,0.567123127874,0.567123127874,0.567123127874,0.567123127874,0.567123127874,0.567123127874,0.567123127874,0.567123127874,0.567123127874,0.567123127874
"Montserrado",-1.72299830174,-1.72299830174,-1.72299830174,-1.72299830174,-1.72299830174,-1.72299830174,-1.72299830174,-1.72299830174,-1.72299830174,-1.72299830174,-1.72299830174,-1.72299830174,-1.72299830174,-1.72299830174,0,-1.72299830174,-1.72299830174,-1.72299830174,-1.72299830174,-1.72299830174,-1.72299830174,-1.72299830174,-1.72299830174,-1.72299830174,-1.72299830174,-1.72299830174,-1.72299830174,-1.72299830174,-1.72299830174,-1.72299830174,-1.72299830174,-1.72299830174,-1.72299830174,-1.72299830174,-1.72299830174,-1.72299830174,-1.72299830174,-1.72299830174,-1.72299830174,-1.72299830174,-1.72299830174,-1.72299830174,-1.72299830174,-1.72299830174,-1.72299830174,-1.72299830174,-1.72299830174,-1.72299830174,-1.72299830174,-1.72299830174,-1.72299830174,-1.72299830174,-1.72299830174,-1.72299830174,-1.72299830174,-1.72299830174
"Boffa",0.303485023827,0.303485023827,0.303485023827,0.303485023827,0.303485023827,0.303485023827,0.303485023827,0.303485023827,0.303485023827,0.303485023827,0.303485023827,0.303485023827,0.303485023827,0.303485023827,0.303485023827,0,0.303485023827,0.303485023827,0.303485023827,0.303485023827,0.303485023827,0.303485023827,0.303485023827,0.303485023827,0.303485023827,0.303485023827,0.303485023827,0.303485023827,0.303485023827,0.303485023827,0.303485023827,0.303485023827,0.303485023827,0.303485023827,0.303485023827,0.303485023827,0.303485023827,0.303485023827,0.303485023827,0.303485023827,0.303485023827,0.303485023827,0.303485023827,0.303485023827,0.303485023827,0.303485023827,0.303485023827,0.303485023827,0.303485023827,0.303485023827,0.303485023827,0.303485023827,0.303485023827,0.303485023827,0.303485023827,0.303485023827
"Boke",0.756127865215,0.756127865215,0.756127865215,0.756127865215,0.756127865215,0.756127865215,0.756127865215,0.756127865215,0.756127865215,0.756127865215,0.756127865215,0.756127865215,0.756127865215,0.756127865215,0.756127865215,0.756127865215,0,0.756127865215,0.756127865215,0.756127865215,0.756127865215,0.756127865215,0.756127865215,0.756127865215,0.756127865215,0.756127865215,0.756127865215,0.756127865215,0.756127865215,0.756127865215,0.756127865215,0.756127865215,0.756127865215,0.756127865215,0.756127865215,0.756127865215,0.756127865215,0.756127865215,0.756127865215,0.756127865215,0.756127865215,0.756127865215,0.756127865215,0.756127865215,0.756127865215,0.756127865215,0.756127865215,0.756127865215,0.756127865215,0.756127865215,0.756127865215,0.756127865215,0.756127865215,0.756127865215,0.756127865215,0.756127865215
"Fria",0.0650263902842,0.0650263902842,0.0650263902842,0.0650263902842,0.0650263902842,0.0650263902842,0.0650263902842,0.0650263902842,0.0650263902842,0.0650263902842,0.0650263902842,0.0650263902842,0.0650263902842,0.0650263902842,0.0650263902842,0.0650263902842,0.0650263902842,0,0.0650263902842,0.0650263902842,0.0650263902842,0.0650263902842,0.0650263902842,0.0650263902842,0.0650263902842,0.0650263902842,0.0650263902842,0.0650263902842,0.0650263902842,0.0650263902842,0.0650263902842,0.0650263902842,0.0650263902842,0.0650263902842,0.0650263902842,0.0650263902842,0.0650263902842,0.0650263902842,0.0650263902842,0.0650263902842,0.0650263902842,0.0650263902842,0.0650263902842,0.0650263902842,0.0650263902842,0.0650263902842,0.0650263902842,0.0650263902842,0.0650263902842,0.0650263902842,0.0650263902842,0.0650263902842,0.0650263902842,0.0650263902842,0.0650263902842,0.0650263902842
"Conakry",-2.04177660938,-2.04177660938,-2.04177660938,-2.04177660938,-2.04177660938,-2.04177660938,-2.04177660938,-2.04177660938,-2.04177660938,-2.04177660938,-2.04177660938,-2.04177660938,-2.04177660938,-2.04177660938,-2.04177660938,-2.04177660938,-2.04177660938,-2.04177660938,0,-2.04177660938,-2.04177660938,-2.04177660938,-2.04177660938,-2.04177660938,-2.04177660938,-2.04177660938,-2.04177660938,-2.04177660938,-2.04177660938,-2.04177660938,-2.04177660938,-2.04177660938,-2.04177660938,-2.04177660938,-2.04177660938,-2.04177660938,-2.04177660938,-2.04177660938,-2.04177660938,-2.04177660938,-2.04177660938,-2.04177660938,-2.04177660938,-2.04177660938,-2.04177660938,-2.04177660938,-2.04177660938,-2.04177660938,-2.04177660938,-2.04177660938,-2.04177660938,-2.04177660938,-2.04177660938,-2.04177660938,-2.04177660938,-2.04177660938
"Dabola",0.749042609566,0.749042609566,0.749042609566,0.749042609566,0.749042609566,0.749042609566,0.749042609566,0.749042609566,0.749042609566,0.749042609566,0.749042609566,0.749042609566,0.749042609566,0.749042609566,0.749042609566,0.749042609566,0.749042609566,0.749042609566,0.749042609566,0,0.749042609566,0.749042609566,0.749042609566,0.749042609566,0.749042609566,0.749042609566,0.749042609566,0.749042609566,0.749042609566,0.749042609566,0.749042609566,0.749042609566,0.749042609566,0.749042609566,0.749042609566,0.749042609566,0.749042609566,0.749042609566,0.749042609566,0.749042609566,0.749042609566,0.749042609566,0.749042609566,0.749042609566,0.749042609566,0.749042609566,0.749042609566,0.749042609566,0.749042609566,0.749042609566,0.749042609566,0.749042609566,0.749042609566,0.749042609566,0.749042609566,0.749042609566
"Dinguiraye",0.743649019412,0.743649019412,0.743649019412,0.743649019412,0.743649019412,0.743649019412,0.743649019412,0.743649019412,0.743649019412,0.743649019412,0.743649019412,0.743649019412,0.743649019412,0.743649019412,0.743649019412,0.743649019412,0.743649019412,0.743649019412,0.743649019412,0.743649019412,0,0.743649019412,0.743649019412,0.743649019412,0.743649019412,0.743649019412,0.743649019412,0.743649019412,0.743649019412,0.743649019412,0.743649019412,0.743649019412,0.743649019412,0.743649019412,0.743649019412,0.743649019412,0.743649019412,0.743649019412,0.743649019412,0.743649019412,0.743649019412,0.743649019412,0.743649019412,0.743649019412,0.743649019412,0.743649019412,0.743649019412,0.743649019412,0.743649019412,0.743649019412,0.743649019412,0.743649019412,0.743649019412,0.743649019412,0.743649019412,0.743649019412
"Faranah",0.371680164428,0.371680164428,0.371680164428,0.371680164428,0.371680164428,0.371680164428,0.371680164428,0.371680164428,0.371680164428,0.371680164428,0.371680164428,0.371680164428,0.371680164428,0.371680164428,0.371680164428,0.371680164428,0.371680164428,0.371680164428,0.371680164428,0.371680164428,0.371680164428,0,0.371680164428,0.371680164428,0.371680164428,0.371680164428,0.371680164428,0.371680164428,0.371680164428,0.371680164428,0.371680164428,0.371680164428,0.371680164428,0.371680164428,0.371680164428,0.371680164428,0.371680164428,0.371680164428,0.371680164428,0.371680164428,0.371680164428,0.371680164428,0.371680164428,0.371680164428,0.371680164428,0.371680164428,0.371680164428,0.371680164428,0.371680164428,0.371680164428,0.371680164428,0.371680164428,0.371680164428,0.371680164428,0.371680164428,0.371680164428
"Kissidougou",-0.51660581488,-0.51660581488,-0.51660581488,-0.51660581488,-0.51660581488,-0.51660581488,-0.51660581488,-0.51660581488,-0.51660581488,-0.51660581488,-0.51660581488,-0.51660581488,-0.51660581488,-0.51660581488,-0.51660581488,-0.51660581488,-0.51660581488,-0.51660581488,-0.51660581488,-0.51660581488,-0.51660581488,-0.51660581488,0,-0.51660581488,-0.51660581488,-0.51660581488,-0.51660581488,-0.51660581488,-0.51660581488,-0.51660581488,-0.51660581488,-0.51660581488,-0.51660581488,-0.51660581488,-0.51660581488,-0.51660581488,-0.51660581488,-0.51660581488,-0.51660581488,-0.51660581488,-0.51660581488,-0.51660581488,-0.51660581488,-0.51660581488,-0.51660581488,-0.51660581488,-0.51660581488,-0.51660581488,-0.51660581488,-0.51660581488,-0.51660581488,-0.51660581488,-0.51660581488,-0.51660581488,-0.51660581488,-0.51660581488
"Kankan",0.258150792624,0.258150792624,0.258150792624,0.258150792624,0.258150792624,0.258150792624,0.258150792624,0.258150792624,0.258150792624,0.258150792624,0.258150792624,0.258150792624,0.258150792624,0.258150792624,0.258150792624,0.258150792624,0.258150792624,0.258150792624,0.258150792624,0.258150792624,0.258150792624,0.258150792624,0.258150792624,0,0.258150792624,0.258150792624,0.258150792624,0.258150792624,0.258150792624,0.258150792624,0.258150792624,0.258150792624,0.258150792624,0.258150792624,0.258150792624,0.258150792624,0.258150792624,0.258150792624,0.258150792624,0.258150792624,0.258150792624,0.258150792624,0.258150792624,0.258150792624,0.258150792624,0.258150792624,0.258150792624,0.258150792624,0.258150792624,0.258150792624,0.258150792624,0.258150792624,0.258150792624,0.258150792624,0.258150792624,0.258150792624
"Kerouane",0.243189551829,0.243189551829,0.243189551829,0.243189551829,0.243189551829,0.243189551829,0.243189551829,0.243189551829,0.243189551829,0.243189551829,0.243189551829,0.243189551829,0.243189551829,0.243189551829,0.243189551829,0.243189551829,0.243189551829,0.243189551829,0.243189551829,0.243189551829,0.243189551829,0.243189551829,0.243189551829,0.243189551829,0,0.243189551829,0.243189551829,0.243189551829,0.243189551829,0.243189551829,0.243189551829,0.243189551829,0.243189551829,0.243189551829,0.243189551829,0.243189551829,0.243189551829,0.243189551829,0.243189551829,0.243189551829,0.243189551829,0.243189551829,0.243189551829,0.243189551829,0.243189551829,0.243189551829,0.243189551829,0.243189551829,0.243189551829,0.243189551829,0.243189551829,0.243189551829,0.243189551829,0.243189551829,0.243189551829,0.243189551829
"Kouroussa",0.137257324852,0.137257324852,0.137257324852,0.137257324852,0.137257324852,0.137257324852,0.137257324852,0.137257324852,0.137257324852,0.137257324852,0.137257324852,0.137257324852,0.137257324852,0.137257324852,0.137257324852,0.137257324852,0.137257324852,0.137257324852,0.137257324852,0.137257324852,0.137257324852,0.137257324852,0.137257324852,0.137257324852,0.137257324852,0,0.137257324852,0.137257324852,0.137257324852,0.137257324852,0.137257324852,0.137257324852,0.137257324852,0.137257324852,0.137257324852,0.137257324852,0.137257324852,0.137257324852,0.137257324852,0.137257324852,0.137257324852,0.137257324852,0.137257324852,0.137257324852,0.137257324852,0.137257324852,0.137257324852,0.137257324852,0.137257324852,0.137257324852,0.137257324852,0.137257324852,0.137257324852,0.137257324852,0.137257324852,0.137257324852
"Siguiri",-0.313123649563,-0.313123649563,-0.313123649563,-0.313123649563,-0.313123649563,-0.313123649563,-0.313123649563,-0.313123649563,-0.313123649563,-0.313123649563,-0.313123649563,-0.313123649563,-0.313123649563,-0.313123649563,-0.313123649563,-0.313123649563,-0.313123649563,-0.313123649563,-0.313123649563,-0.313123649563,-0.313123649563,-0.313123649563,-0.313123649563,-0.313123649563,-0.313123649563,-0.313123649563,0,-0.313123649563,-0.313123649563,-0.313123649563,-0.313123649563,-0.313123649563,-0.313123649563,-0.313123649563,-0.313123649563,-0.313123649563,-0.313123649563,-0.313123649563,-0.313123649563,-0.313123649563,-0.313123649563,-0.313123649563,-0.313123649563,-0.313123649563,-0.313123649563,-0.313123649563,-0.313123649563,-0.313123649563,-0.313123649563,-0.313123649563,-0.313123649563,-0.313123649563,-0.313123649563,-0.313123649563,-0.313123649563,-0.313123649563
"Coyah",-0.382360697361,-0.382360697361,-0.382360697361,-0.382360697361,-0.382360697361,-0.382360697361,-0.382360697361,-0.382360697361,-0.382360697361,-0.382360697361,-0.382360697361,-0.382360697361,-0.382360697361,-0.382360697361,-0.382360697361,-0.382360697361,-0.382360697361,-0.382360697361,-0.382360697361,-0.382360697361,-0.382360697361,-0.382360697361,-0.382360697361,-0.382360697361,-0.382360697361,-0.382360697361,-0.382360697361,0,-0.382360697361,-0.382360697361,-0.382360697361,-0.382360697361,-0.382360697361,-0.382360697361,-0.382360697361,-0.382360697361,-0.382360697361,-0.382360697361,-0.382360697361,-0.382360697361,-0.382360697361,-0.382360697361,-0.382360697361,-0.382360697361,-0.382360697361,-0.382360697361,-0.382360697361,-0.382360697361,-0.382360697361,-0.382360697361,-0.382360697361,-0.382360697361,-0.382360697361,-0.382360697361,-0.382360697361,-0.382360697361
"Dubreka",-0.0212642249283,-0.0212642249283,-0.0212642249283,-0.0212642249283,-0.0212642249283,-0.0212642249283,-0.0212642249283,-0.0212642249283,-0.0212642249283,-0.0212642249283,-0.0212642249283,-0.0212642249283,-0.0212642249283,-0.0212642249283,-0.0212642249283,-0.0212642249283,-0.0212642249283,-0.0212642249283,-0.0212642249283,-0.0212642249283,-0.0212642249283,-0.0212642249283,-0.0212642249283,-0.0212642249283,-0.0212642249283,-0.0212642249283,-0.0212642249283,-0.0212642249283,0,-0.0212642249283,-0.0212642249283,-0.0212642249283,-0.0212642249283,-0.0212642249283,-0.0212642249283,-0.0212642249283,-0.0212642249283,-0.0212642249283,-0.0212642249283,-0.0212642249283,-0.0212642249283,-0.0212642249283,-0.0212642249283,-0.0212642249283,-0.0212642249283,-0.0212642249283,-0.0212642249283,-0.0212642249283,-0.0212642249283,-0.0212642249283,-0.0212642249283,-0.0212642249283,-0.0212642249283,-0.0212642249283,-0.0212642249283,-0.0212642249283
"Forecariah",0.0856449449785,0.0856449449785,0.0856449449785,0.0856449449785,0.0856449449785,0.0856449449785,0.0856449449785,0.0856449449785,0.0856449449785,0.0856449449785,0.0856449449785,0.0856449449785,0.0856449449785,0.0856449449785,0.0856449449785,0.0856449449785,0.0856449449785,0.0856449449785,0.0856449449785,0.0856449449785,0.0856449449785,0.0856449449785,0.0856449449785,0.0856449449785,0.0856449449785,0.0856449449785,0.0856449449785,0.0856449449785,0.0856449449785,0,0.0856449449785,0.0856449449785,0.0856449449785,0.0856449449785,0.0856449449785,0.0856449449785,0.0856449449785,0.0856449449785,0.0856449449785,0.0856449449785,0.0856449449785,0.0856449449785,0.0856449449785,0.0856449449785,0.0856449449785,0.0856449449785,0.0856449449785,0.0856449449785,0.0856449449785,0.0856449449785,0.0856449449785,0.0856449449785,0.0856449449785,0.0856449449785,0.0856449449785,0.0856449449785
"Kindia",-0.11037244742,-0.11037244742,-0.11037244742,-0.11037244742,-0.11037244742,-0.11037244742,-0.11037244742,-0.11037244742,-0.11037244742,-0.11037244742,-0.11037244742,-0.11037244742,-0.11037244742,-0.11037244742,-0.11037244742,-0.11037244742,-0.11037244742,-0.11037244742,-0.11037244742,-0.11037244742,-0.11037244742,-0.11037244742,-0.11037244742,-0.11037244742,-0.11037244742,-0.11037244742,-0.11037244742,-0.11037244742,-0.11037244742,-0.11037244742,0,-0.11037244742,-0.11037244742,-0.11037244742,-0.11037244742,-0.11037244742,-0.11037244742,-0.11037244742,-0.11037244742,-0.11037244742,-0.11037244742,-0.11037244742,-0.11037244742,-0.11037244742,-0.11037244742,-0.11037244742,-0.11037244742,-0.11037244742,-0.11037244742,-0.11037244742,-0.11037244742,-0.11037244742,-0.11037244742,-0.11037244742,-0.11037244742,-0.11037244742
"Telimele",0.270202648239,0.270202648239,0.270202648239,0.270202648239,0.270202648239,0.270202648239,0.270202648239,0.270202648239,0.270202648239,0.270202648239,0.270202648239,0.270202648239,0.270202648239,0.270202648239,0.270202648239,0.270202648239,0.270202648239,0.270202648239,0.270202648239,0.270202648239,0.270202648239,0.270202648239,0.270202648239,0.270202648239,0.270202648239,0.270202648239,0.270202648239,0.270202648239,0.270202648239,0.270202648239,0.270202648239,0,0.270202648239,0.270202648239,0.270202648239,0.270202648239,0.270202648239,0.270202648239,0.270202648239,0.270202648239,0.270202648239,0.270202648239,0.270202648239,0.270202648239,0.270202648239,0.270202648239,0.270202648239,0.270202648239,0.270202648239,0.270202648239,0.270202648239,0.270202648239,0.270202648239,0.270202648239,0.270202648239,0.270202648239
"Mali",1.05219954496,1.05219954496,1.05219954496,1.05219954496,1.05219954496,1.05219954496,1.05219954496,1.05219954496,1.05219954496,1.05219954496,1.05219954496,1.05219954496,1.05219954496,1.05219954496,1.05219954496,1.05219954496,1.05219954496,1.05219954496,1.05219954496,1.05219954496,1.05219954496,1.05219954496,1.05219954496,1.05219954496,1.05219954496,1.05219954496,1.05219954496,1.05219954496,1.05219954496,1.05219954496,1.05219954496,1.05219954496,0,1.05219954496,1.05219954496,1.05219954496,1.05219954496,1.05219954496,1.05219954496,1.05219954496,1.05219954496,1.05219954496,1.05219954496,1.05219954496,1.05219954496,1.05219954496,1.05219954496,1.05219954496,1.05219954496,1.05219954496,1.05219954496,1.05219954496,1.05219954496,1.05219954496,1.05219954496,1.05219954496
"Tougue",0.436464690432,0.436464690432,0.436464690432,0.436464690432,0.436464690432,0.436464690432,0.436464690432,0.436464690432,0.436464690432,0.436464690432,0.436464690432,0.436464690432,0.436464690432,0.436464690432,0.436464690432,0.436464690432,0.436464690432,0.436464690432,0.436464690432,0.436464690432,0.436464690432,0.436464690432,0.436464690432,0.436464690432,0.436464690432,0.436464690432,0.436464690432,0.436464690432,0.436464690432,0.436464690432,0.436464690432,0.436464690432,0.436464690432,0,0.436464690432,0.436464690432,0.436464690432,0.436464690432,0.436464690432,0.436464690432,0.436464690432,0.436464690432,0.436464690432,0.436464690432,0.436464690432,0.436464690432,0.436464690432,0.436464690432,0.436464690432,0.436464690432,0.436464690432,0.436464690432,0.436464690432,0.436464690432,0.436464690432,0.436464690432
"Dalaba",-0.0523802315336,-0.0523802315336,-0.0523802315336,-0.0523802315336,-0.0523802315336,-0.0523802315336,-0.0523802315336,-0.0523802315336,-0.0523802315336,-0.0523802315336,-0.0523802315336,-0.0523802315336,-0.0523802315336,-0.0523802315336,-0.0523802315336,-0.0523802315336,-0.0523802315336,-0.0523802315336,-0.0523802315336,-0.0523802315336,-0.0523802315336,-0.0523802315336,-0.0523802315336,-0.0523802315336,-0.0523802315336,-0.0523802315336,-0.0523802315336,-0.0523802315336,-0.0523802315336,-0.0523802315336,-0.0523802315336,-0.0523802315336,-0.0523802315336,-0.0523802315336,0,-0.0523802315336,-0.0523802315336,-0.0523802315336,-0.0523802315336,-0.0523802315336,-0.0523802315336,-0.0523802315336,-0.0523802315336,-0.0523802315336,-0.0523802315336,-0.0523802315336,-0.0523802315336,-0.0523802315336,-0.0523802315336,-0.0523802315336,-0.0523802315336,-0.0523802315336,-0.0523802315336,-0.0523802315336,-0.0523802315336,-0.0523802315336
"Pita",-0.179616316911,-0.179616316911,-0.179616316911,-0.179616316911,-0.179616316911,-0.179616316911,-0.179616316911,-0.179616316911,-0.179616316911,-0.179616316911,-0.179616316911,-0.179616316911,-0.179616316911,-0.179616316911,-0.179616316911,-0.179616316911,-0.179616316911,-0.179616316911,-0.179616316911,-0.179616316911,-0.179616316911,-0.179616316911,-0.179616316911,-0.179616316911,-0.179616316911,-0.179616316911,-0.179616316911,-0.179616316911,-0.179616316911,-0.179616316911,-0.179616316911,-0.179616316911,-0.179616316911,-0.179616316911,-0.179616316911,0,-0.179616316911,-0.179616316911,-0.179616316911,-0.179616316911,-0.179616316911,-0.179616316911,-0.179616316911,-0.179616316911,-0.179616316911,-0.179616316911,-0.179616316911,-0.179616316911,-0.179616316911,-0.179616316911,-0.179616316911,-0.179616316911,-0.179616316911,-0.179616316911,-0.179616316911,-0.179616316911
"Beyla",0.711094079787,0.711094079787,0.711094079787,0.711094079787,0.711094079787,0.711094079787,0.711094079787,0.711094079787,0.711094079787,0.711094079787,0.711094079787,0.711094079787,0.711094079787,0.711094079787,0.711094079787,0.711094079787,0.711094079787,0.711094079787,0.711094079787,0.711094079787,0.711094079787,0.711094079787,0.711094079787,0.711094079787,0.711094079787,0.711094079787,0.711094079787,0.711094079787,0.711094079787,0.711094079787,0.711094079787,0.711094079787,0.711094079787,0.711094079787,0.711094079787,0.711094079787,0,0.711094079787,0.711094079787,0.711094079787,0.711094079787,0.711094079787,0.711094079787,0.711094079787,0.711094079787,0.711094079787,0.711094079787,0.711094079787,0.711094079787,0.711094079787,0.711094079787,0.711094079787,0.711094079787,0.711094079787,0.711094079787,0.711094079787
"Gueckedou",-0.365916161176,-0.365916161176,-0.365916161176,-0.365916161176,-0.365916161176,-0.365916161176,-0.365916161176,-0.365916161176,-0.365916161176,-0.365916161176,-0.365916161176,-0.365916161176,-0.365916161176,-0.365916161176,-0.365916161176,-0.365916161176,-0.365916161176,-0.365916161176,-0.365916161176,-0.365916161176,-0.365916161176,-0.365916161176,-0.365916161176,-0.365916161176,-0.365916161176,-0.365916161176,-0.365916161176,-0.365916161176,-0.365916161176,-0.365916161176,-0.365916161176,-0.365916161176,-0.365916161176,-0.365916161176,-0.365916161176,-0.365916161176,-0.365916161176,0,-0.365916161176,-0.365916161176,-0.365916161176,-0.365916161176,-0.365916161176,-0.365916161176,-0.365916161176,-0.365916161176,-0.365916161176,-0.365916161176,-0.365916161176,-0.365916161176,-0.365916161176,-0.365916161176,-0.365916161176,-0.365916161176,-0.365916161176,-0.365916161176
"Lola",-0.0697068880533,-0.0697068880533,-0.0697068880533,-0.0697068880533,-0.0697068880533,-0.0697068880533,-0.0697068880533,-0.0697068880533,-0.0697068880533,-0.0697068880533,-0.0697068880533,-0.0697068880533,-0.0697068880533,-0.0697068880533,-0.0697068880533,-0.0697068880533,-0.0697068880533,-0.0697068880533,-0.0697068880533,-0.0697068880533,-0.0697068880533,-0.0697068880533,-0.0697068880533,-0.0697068880533,-0.0697068880533,-0.0697068880533,-0.0697068880533,-0.0697068880533,-0.0697068880533,-0.0697068880533,-0.0697068880533,-0.0697068880533,-0.0697068880533,-0.0697068880533,-0.0697068880533,-0.0697068880533,-0.0697068880533,-0.0697068880533,0,-0.0697068880533,-0.0697068880533,-0.0697068880533,-0.0697068880533,-0.0697068880533,-0.0697068880533,-0.0697068880533,-0.0697068880533,-0.0697068880533,-0.0697068880533,-0.0697068880533,-0.0697068880533,-0.0697068880533,-0.0697068880533,-0.0697068880533,-0.0697068880533,-0.0697068880533
"Macenta",0.0150480400154,0.0150480400154,0.0150480400154,0.0150480400154,0.0150480400154,0.0150480400154,0.0150480400154,0.0150480400154,0.0150480400154,0.0150480400154,0.0150480400154,0.0150480400154,0.0150480400154,0.0150480400154,0.0150480400154,0.0150480400154,0.0150480400154,0.0150480400154,0.0150480400154,0.0150480400154,0.0150480400154,0.0150480400154,0.0150480400154,0.0150480400154,0.0150480400154,0.0150480400154,0.0150480400154,0.0150480400154,0.0150480400154,0.0150480400154,0.0150480400154,0.0150480400154,0.0150480400154,0.0150480400154,0.0150480400154,0.0150480400154,0.0150480400154,0.0150480400154,0.0150480400154,0,0.0150480400154,0.0150480400154,0.0150480400154,0.0150480400154,0.0150480400154,0.0150480400154,0.0150480400154,0.0150480400154,0.0150480400154,0.0150480400154,0.0150480400154,0.0150480400154,0.0150480400154,0.0150480400154,0.0150480400154,0.0150480400154
"Nzerekore",-0.476506756766,-0.476506756766,-0.476506756766,-0.476506756766,-0.476506756766,-0.476506756766,-0.476506756766,-0.476506756766,-0.476506756766,-0.476506756766,-0.476506756766,-0.476506756766,-0.476506756766,-0.476506756766,-0.476506756766,-0.476506756766,-0.476506756766,-0.476506756766,-0.476506756766,-0.476506756766,-0.476506756766,-0.476506756766,-0.476506756766,-0.476506756766,-0.476506756766,-0.476506756766,-0.476506756766,-0.476506756766,-0.476506756766,-0.476506756766,-0.476506756766,-0.476506756766,-0.476506756766,-0.476506756766,-0.476506756766,-0.476506756766,-0.476506756766,-0.476506756766,-0.476506756766,-0.476506756766,0,-0.476506756766,-0.476506756766,-0.476506756766,-0.476506756766,-0.476506756766,-0.476506756766,-0.476506756766,-0.476506756766,-0.476506756766,-0.476506756766,-0.476506756766,-0.476506756766,-0.476506756766,-0.476506756766,-0.476506756766
"Yamou",0.334253209541,0.334253209541,0.334253209541,0.334253209541,0.334253209541,0.334253209541,0.334253209541,0.334253209541,0.334253209541,0.334253209541,0.334253209541,0.334253209541,0.334253209541,0.334253209541,0.334253209541,0.334253209541,0.334253209541,0.334253209541,0.334253209541,0.334253209541,0.334253209541,0.334253209541,0.334253209541,0.334253209541,0.334253209541,0.334253209541,0.334253209541,0.334253209541,0.334253209541,0.334253209541,0.334253209541,0.334253209541,0.334253209541,0.334253209541,0.334253209541,0.334253209541,0.334253209541,0.334253209541,0.334253209541,0.334253209541,0.334253209541,0,0.334253209541,0.334253209541,0.334253209541,0.334253209541,0.334253209541,0.334253209541,0.334253209541,0.334253209541,0.334253209541,0.334253209541,0.334253209541,0.334253209541,0.334253209541,0.334253209541
"Kailahun",-0.106462127151,-0.106462127151,-0.106462127151,-0.106462127151,-0.106462127151,-0.106462127151,-0.106462127151,-0.106462127151,-0.106462127151,-0.106462127151,-0.106462127151,-0.106462127151,-0.106462127151,-0.106462127151,-0.106462127151,-0.106462127151,-0.106462127151,-0.106462127151,-0.106462127151,-0.106462127151,-0.106462127151,-0.106462127151,-0.106462127151,-0.106462127151,-0.106462127151,-0.106462127151,-0.106462127151,-0.106462127151,-0.106462127151,-0.106462127151,-0.106462127151,-0.106462127151,-0.106462127151,-0.106462127151,-0.106462127151,-0.106462127151,-0.106462127151,-0.106462127151,-0.106462127151,-0.106462127151,-0.106462127151,-0.106462127151,0,-0.106462127151,-0.106462127151,-0.106462127151,-0.106462127151,-0.106462127151,-0.106462127151,-0.106462127151,-0.106462127151,-0.106462127151,-0.106462127151,-0.106462127151,-0.106462127151,-0.106462127151
"Kenema",-0.0380372501136,-0.0380372501136,-0.0380372501136,-0.0380372501136,-0.0380372501136,-0.0380372501136,-0.0380372501136,-0.0380372501136,-0.0380372501136,-0.0380372501136,-0.0380372501136,-0.0380372501136,-0.0380372501136,-0.0380372501136,-0.0380372501136,-0.0380372501136,-0.0380372501136,-0.0380372501136,-0.0380372501136,-0.0380372501136,-0.0380372501136,-0.0380372501136,-0.0380372501136,-0.0380372501136,-0.0380372501136,-0.0380372501136,-0.0380372501136,-0.0380372501136,-0.0380372501136,-0.0380372501136,-0.0380372501136,-0.0380372501136,-0.0380372501136,-0.0380372501136,-0.0380372501136,-0.0380372501136,-0.0380372501136,-0.0380372501136,-0.0380372501136,-0.0380372501136,-0.0380372501136,-0.0380372501136,-0.0380372501136,0,-0.0380372501136,-0.0380372501136,-0.0380372501136,-0.0380372501136,-0.0380372501136,-0.0380372501136,-0.0380372501136,-0.0380372501136,-0.0380372501136,-0.0380372501136,-0.0380372501136,-0.0380372501136
"Kono",-0.38069742689,-0.38069742689,-0.38069742689,-0.38069742689,-0.38069742689,-0.38069742689,-0.38069742689,-0.38069742689,-0.38069742689,-0.38069742689,-0.38069742689,-0.38069742689,-0.38069742689,-0.38069742689,-0.38069742689,-0.38069742689,-0.38069742689,-0.38069742689,-0.38069742689,-0.38069742689,-0.38069742689,-0.38069742689,-0.38069742689,-0.38069742689,-0.38069742689,-0.38069742689,-0.38069742689,-0.38069742689,-0.38069742689,-0.38069742689,-0.38069742689,-0.38069742689,-0.38069742689,-0.38069742689,-0.38069742689,-0.38069742689,-0.38069742689,-0.38069742689,-0.38069742689,-0.38069742689,-0.38069742689,-0.38069742689,-0.38069742689,-0.38069742689,0,-0.38069742689,-0.38069742689,-0.38069742689,-0.38069742689,-0.38069742689,-0.38069742689,-0.38069742689,-0.38069742689,-0.38069742689,-0.38069742689,-0.38069742689
"Bombali",0.683170335883,0.683170335883,0.683170335883,0.683170335883,0.683170335883,0.683170335883,0.683170335883,0.683170335883,0.683170335883,0.683170335883,0.683170335883,0.683170335883,0.683170335883,0.683170335883,0.683170335883,0.683170335883,0.683170335883,0.683170335883,0.683170335883,0.683170335883,0.683170335883,0.683170335883,0.683170335883,0.683170335883,0.683170335883,0.683170335883,0.683170335883,0.683170335883,0.683170335883,0.683170335883,0.683170335883,0.683170335883,0.683170335883,0.683170335883,0.683170335883,0.683170335883,0.683170335883,0.683170335883,0.683170335883,0.683170335883,0.683170335883,0.683170335883,0.683170335883,0.683170335883,0.683170335883,0,0.683170335883,0.683170335883,0.683170335883,0.683170335883,0.683170335883,0.683170335883,0.683170335883,0.683170335883,0.683170335883,0.683170335883
"Kambia",0.0634496514623,0.0634496514623,0.0634496514623,0.0634496514623,0.0634496514623,0.0634496514623,0.0634496514623,0.0634496514623,0.0634496514623,0.0634496514623,0.0634496514623,0.0634496514623,0.0634496514623,0.0634496514623,0.0634496514623,0.0634496514623,0.0634496514623,0.0634496514623,0.0634496514623,0.0634496514623,0.0634496514623,0.0634496514623,0.0634496514623,0.0634496514623,0.0634496514623,0.0634496514623,0.0634496514623,0.0634496514623,0.0634496514623,0.0634496514623,0.0634496514623,0.0634496514623,0.0634496514623,0.0634496514623,0.0634496514623,0.0634496514623,0.0634496514623,0.0634496514623,0.0634496514623,0.0634496514623,0.0634496514623,0.0634496514623,0.0634496514623,0.0634496514623,0.0634496514623,0.0634496514623,0,0.0634496514623,0.0634496514623,0.0634496514623,0.0634496514623,0.0634496514623,0.0634496514623,0.0634496514623,0.0634496514623,0.0634496514623
"Koinadugu",0.508087481957,0.508087481957,0.508087481957,0.508087481957,0.508087481957,0.508087481957,0.508087481957,0.508087481957,0.508087481957,0.508087481957,0.508087481957,0.508087481957,0.508087481957,0.508087481957,0.508087481957,0.508087481957,0.508087481957,0.508087481957,0.508087481957,0.508087481957,0.508087481957,0.508087481957,0.508087481957,0.508087481957,0.508087481957,0.508087481957,0.508087481957,0.508087481957,0.508087481957,0.508087481957,0.508087481957,0.508087481957,0.508087481957,0.508087481957,0.508087481957,0.508087481957,0.508087481957,0.508087481957,0.508087481957,0.508087481957,0.508087481957,0.508087481957,0.508087481957,0.508087481957,0.508087481957,0.508087481957,0.508087481957,0,0.508087481957,0.508087481957,0.508087481957,0.508087481957,0.508087481957,0.508087481957,0.508087481957,0.508087481957
"PortLoko",-0.408672381175,-0.408672381175,-0.408672381175,-0.408672381175,-0.408672381175,-0.408672381175,-0.408672381175,-0.408672381175,-0.408672381175,-0.408672381175,-0.408672381175,-0.408672381175,-0.408672381175,-0.408672381175,-0.408672381175,-0.408672381175,-0.408672381175,-0.408672381175,-0.408672381175,-0.408672381175,-0.408672381175,-0.408672381175,-0.408672381175,-0.408672381175,-0.408672381175,-0.408672381175,-0.408672381175,-0.408672381175,-0.408672381175,-0.408672381175,-0.408672381175,-0.408672381175,-0.408672381175,-0.408672381175,-0.408672381175,-0.408672381175,-0.408672381175,-0.408672381175,-0.408672381175,-0.408672381175,-0.408672381175,-0.408672381175,-0.408672381175,-0.408672381175,-0.408672381175,-0.408672381175,-0.408672381175,-0.408672381175,0,-0.408672381175,-0.408672381175,-0.408672381175,-0.408672381175,-0.408672381175,-0.408672381175,-0.408672381175
"Tonkolili",-0.0538807052575,-0.0538807052575,-0.0538807052575,-0.0538807052575,-0.0538807052575,-0.0538807052575,-0.0538807052575,-0.0538807052575,-0.0538807052575,-0.0538807052575,-0.0538807052575,-0.0538807052575,-0.0538807052575,-0.0538807052575,-0.0538807052575,-0.0538807052575,-0.0538807052575,-0.0538807052575,-0.0538807052575,-0.0538807052575,-0.0538807052575,-0.0538807052575,-0.0538807052575,-0.0538807052575,-0.0538807052575,-0.0538807052575,-0.0538807052575,-0.0538807052575,-0.0538807052575,-0.0538807052575,-0.0538807052575,-0.0538807052575,-0.0538807052575,-0.0538807052575,-0.0538807052575,-0.0538807052575,-0.0538807052575,-0.0538807052575,-0.0538807052575,-0.0538807052575,-0.0538807052575,-0.0538807052575,-0.0538807052575,-0.0538807052575,-0.0538807052575,-0.0538807052575,-0.0538807052575,-0.0538807052575,-0.0538807052575,0,-0.0538807052575,-0.0538807052575,-0.0538807052575,-0.0538807052575,-0.0538807052575,-0.0538807052575
"Bo",-0.975166353774,-0.975166353774,-0.975166353774,-0.975166353774,-0.975166353774,-0.975166353774,-0.975166353774,-0.975166353774,-0.975166353774,-0.975166353774,-0.975166353774,-0.975166353774,-0.975166353774,-0.975166353774,-0.975166353774,-0.975166353774,-0.975166353774,-0.975166353774,-0.975166353774,-0.975166353774,-0.975166353774,-0.975166353774,-0.975166353774,-0.975166353774,-0.975166353774,-0.975166353774,-0.975166353774,-0.975166353774,-0.975166353774,-0.975166353774,-0.975166353774,-0.975166353774,-0.975166353774,-0.975166353774,-0.975166353774,-0.975166353774,-0.975166353774,-0.975166353774,-0.975166353774,-0.975166353774,-0.975166353774,-0.975166353774,-0.975166353774,-0.975166353774,-0.975166353774,-0.975166353774,-0.975166353774,-0.975166353774,-0.975166353774,-0.975166353774,0,-0.975166353774,-0.975166353774,-0.975166353774,-0.975166353774,-0.975166353774
"Bonthe",-0.205958079801,-0.205958079801,-0.205958079801,-0.205958079801,-0.205958079801,-0.205958079801,-0.205958079801,-0.205958079801,-0.205958079801,-0.205958079801,-0.205958079801,-0.205958079801,-0.205958079801,-0.205958079801,-0.205958079801,-0.205958079801,-0.205958079801,-0.205958079801,-0.205958079801,-0.205958079801,-0.205958079801,-0.205958079801,-0.205958079801,-0.205958079801,-0.205958079801,-0.205958079801,-0.205958079801,-0.205958079801,-0.205958079801,-0.205958079801,-0.205958079801,-0.205958079801,-0.205958079801,-0.205958079801,-0.205958079801,-0.205958079801,-0.205958079801,-0.205958079801,-0.205958079801,-0.205958079801,-0.205958079801,-0.205958079801,-0.205958079801,-0.205958079801,-0.205958079801,-0.205958079801,-0.205958079801,-0.205958079801,-0.205958079801,-0.205958079801,-0.205958079801,0,-0.205958079801,-0.205958079801,-0.205958079801,-0.205958079801
"Moyamba",-0.304341768159,-0.304341768159,-0.304341768159,-0.304341768159,-0.304341768159,-0.304341768159,-0.304341768159,-0.304341768159,-0.304341768159,-0.304341768159,-0.304341768159,-0.304341768159,-0.304341768159,-0.304341768159,-0.304341768159,-0.304341768159,-0.304341768159,-0.304341768159,-0.304341768159,-0.304341768159,-0.304341768159,-0.304341768159,-0.304341768159,-0.304341768159,-0.304341768159,-0.304341768159,-0.304341768159,-0.304341768159,-0.304341768159,-0.304341768159,-0.304341768159,-0.304341768159,-0.304341768159,-0.304341768159,-0.304341768159,-0.304341768159,-0.304341768159,-0.304341768159,-0.304341768159,-0.304341768159,-0.304341768159,-0.304341768159,-0.304341768159,-0.304341768159,-0.304341768159,-0.304341768159,-0.304341768159,-0.304341768159,-0.304341768159,-0.304341768159,-0.304341768159,-0.304341768159,0,-0.304341768159,-0.304341768159,-0.304341768159
"Pujehun",-0.283671707918,-0.283671707918,-0.283671707918,-0.283671707918,-0.283671707918,-0.283671707918,-0.283671707918,-0.283671707918,-0.283671707918,-0.283671707918,-0.283671707918,-0.283671707918,-0.283671707918,-0.283671707918,-0.283671707918,-0.283671707918,-0.283671707918,-0.283671707918,-0.283671707918,-0.283671707918,-0.283671707918,-0.283671707918,-0.283671707918,-0.283671707918,-0.283671707918,-0.283671707918,-0.283671707918,-0.283671707918,-0.283671707918,-0.283671707918,-0.283671707918,-0.283671707918,-0.283671707918,-0.283671707918,-0.283671707918,-0.283671707918,-0.283671707918,-0.283671707918,-0.283671707918,-0.283671707918,-0.283671707918,-0.283671707918,-0.283671707918,-0.283671707918,-0.283671707918,-0.283671707918,-0.283671707918,-0.283671707918,-0.283671707918,-0.283671707918,-0.283671707918,-0.283671707918,-0.283671707918,0,-0.283671707918,-0.283671707918
"WesternRural",-1.51586467892,-1.51586467892,-1.51586467892,-1.51586467892,-1.51586467892,-1.51586467892,-1.51586467892,-1.51586467892,-1.51586467892,-1.51586467892,-1.51586467892,-1.51586467892,-1.51586467892,-1.51586467892,-1.51586467892,-1.51586467892,-1.51586467892,-1.51586467892,-1.51586467892,-1.51586467892,-1.51586467892,-1.51586467892,-1.51586467892,-1.51586467892,-1.51586467892,-1.51586467892,-1.51586467892,-1.51586467892,-1.51586467892,-1.51586467892,-1.51586467892,-1.51586467892,-1.51586467892,-1.51586467892,-1.51586467892,-1.51586467892,-1.51586467892,-1.51586467892,-1.51586467892,-1.51586467892,-1.51586467892,-1.51586467892,-1.51586467892,-1.51586467892,-1.51586467892,-1.51586467892,-1.51586467892,-1.51586467892,-1.51586467892,-1.51586467892,-1.51586467892,-1.51586467892,-1.51586467892,-1.51586467892,0,-1.51586467892
"WesternUrban",-4.89272313559,-4.89272313559,-4.89272313559,-4.89272313559,-4.89272313559,-4.89272313559,-4.89272313559,-4.89272313559,-4.89272313559,-4.89272313559,-4.89272313559,-4.89272313559,-4.89272313559,-4.89272313559,-4.89272313559,-4.89272313559,-4.89272313559,-4.89272313559,-4.89272313559,-4.89272313559,-4.89272313559,-4.89272313559,-4.89272313559,-4.89272313559,-4.89272313559,-4.89272313559,-4.89272313559,-4.89272313559,-4.89272313559,-4.89272313559,-4.89272313559,-4.89272313559,-4.89272313559,-4.89272313559,-4.89272313559,-4.89272313559,-4.89272313559,-4.89272313559,-4.89272313559,-4.89272313559,-4.89272313559,-4.89272313559,-4.89272313559,-4.89272313559,-4.89272313559,-4.89272313559,-4.89272313559,-4.89272313559,-4.89272313559,-4.89272313559,-4.89272313559,-4.89272313559,-4.89272313559,-4.89272313559,-4.89272313559,0
